 
{
  "questions": [
    {
      "questions": "Complains of aches and pains",
      "options": [
        "Never",
        "Sometimes",
        "Often"
      ]
    },
    {
      "questions": "Spends more time alone",
      "options": [
        "Never",
        "Sometimes",
        "Often"
      ]
    },
    {
      "questions": "Tires easily, has little energy",
      "options": [
        "Never",
        "Sometimes",
        "Often"
      ]
    },
    {
      "questions": "Fidgety, unable to sit still",
      "options": [
        "Never",
        "Sometimes",
        "Often"
      ]
    }
  ],
  "emotional_behavioral_problems": false,
  "services_needed": false,
  "requested_services": ""
}


